ID;Čas;Primárna vel.;Násobok jednotky prim. vel.;Jednotka primárnej vel.;Sekundárna vel.;Násobok jednotky sek. vel.;Jednotka sekundárnej vel.
1;11. 2. 2022 10:44:00.000;-6.318381;k;Pa;25;;°C
2;11. 2. 2022 10:43:55.000;-6.318381;k;Pa;25;;°C
3;11. 2. 2022 10:43:50.000;-6.318381;k;Pa;25;;°C
4;11. 2. 2022 10:43:45.000;-6.318381;k;Pa;25;;°C
5;11. 2. 2022 10:43:40.000;-6.318381;k;Pa;25;;°C
6;11. 2. 2022 10:43:35.000;-6.318381;k;Pa;25;;°C
7;11. 2. 2022 10:43:30.000;-6.318381;k;Pa;25;;°C
8;11. 2. 2022 10:43:25.000;-6.318381;k;Pa;25;;°C
9;11. 2. 2022 10:43:20.000;-6.318381;k;Pa;25;;°C
